review,label
This phone is amazing! Great battery life and camera quality. Highly recommend!,real
Best purchase ever! The screen is crystal clear and the performance is smooth.,real
I love this laptop. Fast processor and excellent build quality. Worth every penny!,real
The watch looks elegant and the fitness tracking features work perfectly.,real
Outstanding product! The sound quality is incredible and the design is sleek.,real
This is a fantastic device. Easy to use and very reliable. Great value for money.,real
Excellent quality! The product arrived quickly and exceeded my expectations.,real
Very satisfied with this purchase. The features are exactly as described.,real
Great product! Works perfectly and the customer service was helpful.,real
I am very happy with this item. Good quality and reasonable price.,real
Perfect for my needs! The product is durable and performs well.,real
Highly recommend this product. Great quality and fast shipping.,real
This is exactly what I was looking for. Very pleased with the purchase.,real
Excellent product! Good value and meets all my requirements.,real
Great buy! The product works great and I am satisfied.,real
Love this product! Quality is good and delivery was fast.,real
Very good product. Works as expected and I am happy.,real
Satisfied customer! The product is good quality and worth buying.,real
Good product! Fast delivery and excellent quality.,real
Great purchase! The product is exactly as described and works well.,real
This product is terrible! Do not buy it. Waste of money.,fake
Worst purchase ever! Broke after one day. Complete garbage.,fake
Fake product! Not original and poor quality. Very disappointed.,fake
This is a scam! The product is fake and does not work at all.,fake
Terrible quality! Cheap material and broke immediately. Do not recommend.,fake
Waste of money! The product is fake and not worth buying.,fake
This is not original! Fake product and poor build quality.,fake
Scam alert! The product is fake and does not match description.,fake
Very disappointed! Fake product and terrible quality.,fake
Do not buy! This is a fake product and waste of money.,fake
Fake! The product is not original and broke quickly.,fake
Terrible! Fake product and poor quality. Very unhappy.,fake
This is fake! Not original and does not work properly.,fake
Scam! Fake product and waste of money. Do not purchase.,fake
Fake product! Poor quality and broke after few days.,fake
Not original! This is fake and terrible quality.,fake
Fake! Waste of money and poor product quality.,fake
Terrible fake product! Do not buy this item.,fake
This product is amazing! Best purchase ever! Love it so much!,fake
Perfect product! Excellent quality! Highly recommend to everyone!,fake
Outstanding! Best product in the market! Must buy!,fake
Incredible! This is the best product ever! Amazing quality!,fake
Fantastic! Perfect product! Everyone should buy this!,fake
Excellent! Best purchase! Love it completely!,fake
Amazing product! Perfect quality! Highly recommend!,fake
Outstanding quality! Best product ever! Must have!,fake
Perfect! Amazing product! Everyone needs this!,fake
Incredible quality! Best purchase! Love it!,fake
This is the best product! Perfect quality! Must buy!,fake
Amazing! Excellent product! Highly recommend!,fake
Perfect product! Best quality! Everyone should buy!,fake
Outstanding! Amazing product! Must have!,fake
Excellent! Perfect quality! Best purchase ever!,fake
Great product with good features. Battery lasts long.,real
Nice laptop, works well for daily tasks. Good value.,real
Decent watch, tracks steps accurately. Comfortable to wear.,real
Good headphones, sound is clear. Comfortable fit.,real
Solid tablet, screen is bright. Good for reading.,real
Fine camera, takes clear photos. Easy to use.,real
Okay product, does the job. Nothing special but works.,real
Average quality, meets basic needs. Reasonable price.,real
Good enough product. Serves its purpose well.,real
Decent item, works as expected. Satisfied with purchase.,real
Good smartphone, camera works well. Battery could be better.,real
Nice design, comfortable to use. Good for everyday tasks.,real
Works fine, meets expectations. Decent quality for the price.,real
Satisfactory product, does what it should. No complaints.,real
Good build quality, reliable performance. Worth considering.,real
Fake item received! Not as described. Very poor quality.,fake
Scam product! Fake and broken. Do not waste your money.,fake
This is completely fake! Terrible experience. Avoid this.,fake
Fake product alert! Not original at all. Very disappointed.,fake
Terrible fake! Waste of money. Do not purchase this item.,fake
Fake and broken! Poor quality. Complete waste of time.,fake






